Country,Vaccine,Rec_Level
afghanistan,Measles,All travelers
afghanistan,Routine vaccines,All travelers
afghanistan,Polio,All travelers
afghanistan,Hepatitis A,Most travelers
afghanistan,Typhoid,Most travelers
afghanistan,Cholera,Some travelers
afghanistan,Hepatitis B,Some travelers
afghanistan,Malaria,Some travelers
afghanistan,Rabies,Some travelers
albania,Measles,All travelers
albania,Routine vaccines,All travelers
albania,Hepatitis A,Most travelers
albania,Hepatitis B,Some travelers
albania,Rabies,Some travelers
albania,Yellow Fever,Some travelers
algeria,Measles,All travelers
algeria,Routine vaccines,All travelers
algeria,Hepatitis A,Most travelers
algeria,Typhoid,Most travelers
algeria,Cholera,Some travelers
algeria,Malaria,Some travelers
algeria,Hepatitis B,Some travelers
algeria,Rabies,Some travelers
algeria,Yellow Fever,Some travelers
american-samoa,Routine vaccines,All travelers
american-samoa,Hepatitis A,Most travelers
american-samoa,Typhoid,Most travelers
american-samoa,Hepatitis B,Some travelers
andorra,Measles,All travelers
andorra,Routine vaccines,All travelers
andorra,Hepatitis A,Some travelers
andorra,Hepatitis B,Some travelers
andorra,Rabies,Some travelers
british-virgin-islands,Measles,All travelers
british-virgin-islands,Routine vaccines,All travelers
british-virgin-islands,Hepatitis A,Most travelers
british-virgin-islands,Typhoid,Most travelers
british-virgin-islands,Hepatitis B,Some travelers
british-virgin-islands,Rabies,Some travelers
angola,Measles,All travelers
angola,Yellow Fever,All travelers
angola,Routine vaccines,All travelers
angola,Polio,All travelers
angola,Hepatitis A,Most travelers
angola,Malaria,Most travelers
angola,Typhoid,Most travelers
angola,Cholera,Some travelers
angola,Hepatitis B,Some travelers
angola,Rabies,Some travelers
anguilla,Measles,All travelers
anguilla,Routine vaccines,All travelers
anguilla,Hepatitis A,Most travelers
anguilla,Typhoid,Most travelers
anguilla,Hepatitis B,Some travelers
anguilla,Rabies,Some travelers
antarctica,NA,None
antigua-and-barbuda,Measles,All travelers
antigua-and-barbuda,Routine vaccines,All travelers
antigua-and-barbuda,Hepatitis A,Most travelers
antigua-and-barbuda,Typhoid,Most travelers
antigua-and-barbuda,Hepatitis B,Some travelers
antigua-and-barbuda,Rabies,Some travelers
antigua-and-barbuda,Yellow Fever,Some travelers
argentina,Measles,All travelers
argentina,Routine vaccines,All travelers
argentina,Hepatitis A,Most travelers
argentina,Typhoid,Most travelers
argentina,Hepatitis B,Some travelers
argentina,Rabies,Some travelers
argentina,Yellow Fever,Some travelers
armenia,Measles,All travelers
armenia,Routine vaccines,All travelers
armenia,Hepatitis A,Most travelers
armenia,Hepatitis B,Some travelers
armenia,Rabies,Some travelers
aruba,Measles,All travelers
aruba,Routine vaccines,All travelers
aruba,Hepatitis A,Most travelers
aruba,Typhoid,Most travelers
aruba,Hepatitis B,Some travelers
aruba,Rabies,Some travelers
french-polynesia,Measles,All travelers
french-polynesia,Routine vaccines,All travelers
french-polynesia,Hepatitis A,Most travelers
french-polynesia,Typhoid,Most travelers
french-polynesia,Yellow Fever,Some travelers
french-polynesia,Hepatitis B,Some travelers
australia,Measles,All travelers
australia,Routine vaccines,All travelers
australia,Hepatitis A,Some travelers
australia,Hepatitis B,Some travelers
australia,Japanese Encephalitis,Some travelers
australia,Rabies,Some travelers
australia,Yellow Fever,Some travelers
austria,Measles,All travelers
austria,Routine vaccines,All travelers
austria,Hepatitis A,Some travelers
austria,Hepatitis B,Some travelers
austria,Rabies,Some travelers
azerbaijan,Measles,All travelers
azerbaijan,Routine vaccines,All travelers
azerbaijan,Hepatitis A,Most travelers
azerbaijan,Hepatitis B,Some travelers
azerbaijan,Malaria,Some travelers
azerbaijan,Rabies,Some travelers
azores,Measles,All travelers
azores,Routine vaccines,All travelers
azores,Hepatitis A,Some travelers
azores,Hepatitis B,Some travelers
azores,Rabies,Some travelers
the-bahamas,Measles,All travelers
the-bahamas,Routine vaccines,All travelers
the-bahamas,Hepatitis A,Most travelers
the-bahamas,Typhoid,Most travelers
the-bahamas,Hepatitis B,Some travelers
the-bahamas,Rabies,Some travelers
the-bahamas,Yellow Fever,Some travelers
bahrain,Measles,All travelers
bahrain,Routine vaccines,All travelers
bahrain,Hepatitis A,Most travelers
bahrain,Typhoid,Most travelers
bahrain,Hepatitis B,Some travelers
bahrain,Rabies,Some travelers
bahrain,Yellow Fever,Some travelers
bangladesh,Measles,All travelers
bangladesh,Routine vaccines,All travelers
bangladesh,Hepatitis A,Most travelers
bangladesh,Typhoid,Most travelers
bangladesh,Cholera,Some travelers
bangladesh,Hepatitis B,Some travelers
bangladesh,Japanese Encephalitis,Some travelers
bangladesh,Malaria,Some travelers
bangladesh,Rabies,Some travelers
bangladesh,Yellow Fever,Some travelers
barbados,Measles,All travelers
barbados,Routine vaccines,All travelers
barbados,Hepatitis A,Most travelers
barbados,Typhoid,Most travelers
barbados,Hepatitis B,Some travelers
barbados,Rabies,Some travelers
barbados,Yellow Fever,Some travelers
belarus,Measles,All travelers
belarus,Routine vaccines,All travelers
belarus,Hepatitis A,Most travelers
belarus,Hepatitis B,Some travelers
belarus,Rabies,Some travelers
belgium,Measles,All travelers
belgium,Routine vaccines,All travelers
belgium,Hepatitis A,Some travelers
belgium,Hepatitis B,Some travelers
belgium,Rabies,Some travelers
belize,Measles,All travelers
belize,Routine vaccines,All travelers
belize,Hepatitis A,Most travelers
belize,Typhoid,Most travelers
belize,Hepatitis B,Some travelers
belize,Rabies,Some travelers
belize,Yellow Fever,Some travelers
belize,Malaria,Some travelers
benin,Measles,All travelers
benin,Routine vaccines,All travelers
benin,Yellow Fever,All travelers
benin,Polio,All travelers
benin,Hepatitis A,Most travelers
benin,Malaria,Most travelers
benin,Typhoid,Most travelers
benin,Cholera,Some travelers
benin,Hepatitis B,Some travelers
benin,Meningitis (Meningococcal disease),Some travelers
benin,Rabies,Some travelers
bermuda,Measles,All travelers
bermuda,Routine vaccines,All travelers
bermuda,Hepatitis A,Most travelers
bermuda,Typhoid,Most travelers
bermuda,Hepatitis B,Some travelers
bermuda,Rabies,Some travelers
bhutan,Measles,All travelers
bhutan,Routine vaccines,All travelers
bhutan,Hepatitis A,Most travelers
bhutan,Typhoid,Most travelers
bhutan,Hepatitis B,Some travelers
bhutan,Japanese Encephalitis,Some travelers
bhutan,Malaria,Some travelers
bhutan,Rabies,Some travelers
bolivia,Measles,All travelers
bolivia,Routine vaccines,All travelers
bolivia,Hepatitis A,Most travelers
bolivia,Typhoid,Most travelers
bolivia,Hepatitis B,Some travelers
bolivia,Malaria,Some travelers
bolivia,Rabies,Some travelers
bolivia,Yellow Fever,Some travelers
bonaire,Measles,All travelers
bonaire,Routine vaccines,All travelers
bonaire,Hepatitis A,Most travelers
bonaire,Typhoid,Most travelers
bonaire,Hepatitis B,Some travelers
bonaire,Rabies,Some travelers
bonaire,Yellow Fever,Some travelers
bosnia-and-herzegovina,Measles,All travelers
bosnia-and-herzegovina,Routine vaccines,All travelers
bosnia-and-herzegovina,Hepatitis A,Most travelers
bosnia-and-herzegovina,Hepatitis B,Some travelers
bosnia-and-herzegovina,Rabies,Some travelers
botswana,Measles,All travelers
botswana,Routine vaccines,All travelers
botswana,Hepatitis A,Most travelers
botswana,Typhoid,Most travelers
botswana,Hepatitis B,Some travelers
botswana,Malaria,Some travelers
botswana,Rabies,Some travelers
botswana,Yellow Fever,Some travelers
brazil,Measles,All travelers
brazil,Routine vaccines,All travelers
brazil,Hepatitis A,Most travelers
brazil,Typhoid,Most travelers
brazil,Yellow Fever,Most travelers
brazil,Hepatitis B,Some travelers
brazil,Malaria,Some travelers
brazil,Rabies,Some travelers
british-indian-ocean-territory,Measles,All travelers
british-indian-ocean-territory,Routine vaccines,All travelers
british-indian-ocean-territory,Hepatitis A,Most travelers
british-indian-ocean-territory,Typhoid,Most travelers
british-indian-ocean-territory,Hepatitis B,Some travelers
brunei,Measles,All travelers
brunei,Routine vaccines,All travelers
brunei,Typhoid,Most travelers
brunei,Hepatitis A,Some travelers
brunei,Hepatitis B,Some travelers
brunei,Japanese Encephalitis,Some travelers
brunei,Rabies,Some travelers
brunei,Yellow Fever,Some travelers
bulgaria,Measles,All travelers
bulgaria,Routine vaccines,All travelers
bulgaria,Hepatitis A,Most travelers
bulgaria,Hepatitis B,Some travelers
bulgaria,Rabies,Some travelers
burkina-faso,Measles,All travelers
burkina-faso,Routine vaccines,All travelers
burkina-faso,Yellow Fever,Most travelers
burkina-faso,Hepatitis A,Most travelers
burkina-faso,Malaria,Most travelers
burkina-faso,Typhoid,Most travelers
burkina-faso,Hepatitis B,Some travelers
burkina-faso,Meningitis (Meningococcal disease),Some travelers
burkina-faso,Rabies,Some travelers
burma,Measles,All travelers
burma,Routine vaccines,All travelers
burma,Polio,All travelers
burma,Hepatitis A,Most travelers
burma,Typhoid,Most travelers
burma,Cholera,Some travelers
burma,Hepatitis B,Some travelers
burma,Japanese Encephalitis,Some travelers
burma,Malaria,Some travelers
burma,Rabies,Some travelers
burma,Yellow Fever,Some travelers
burundi,Measles,All travelers
burundi,Routine vaccines,All travelers
burundi,Yellow Fever,All travelers
burundi,Hepatitis A,Most travelers
burundi,Malaria,Most travelers
burundi,Typhoid,Most travelers
burundi,Cholera,Some travelers
burundi,Hepatitis B,Some travelers
burundi,Rabies,Some travelers
turks-and-caicos,Measles,All travelers
turks-and-caicos,Routine vaccines,All travelers
turks-and-caicos,Hepatitis A,Most travelers
turks-and-caicos,Typhoid,Most travelers
turks-and-caicos,Hepatitis B,Some travelers
turks-and-caicos,Rabies,Some travelers
cambodia,Measles,All travelers
cambodia,Routine vaccines,All travelers
cambodia,Hepatitis A,Most travelers
cambodia,Typhoid,Most travelers
cambodia,Hepatitis B,Some travelers
cambodia,Japanese Encephalitis,Some travelers
cambodia,Malaria,Some travelers
cambodia,Rabies,Some travelers
cambodia,Yellow Fever,Some travelers
cameroon,Measles,All travelers
cameroon,Routine vaccines,All travelers
cameroon,Yellow Fever,All travelers
cameroon,Polio,All travelers
cameroon,Hepatitis A,Most travelers
cameroon,Malaria,Most travelers
cameroon,Typhoid,Most travelers
cameroon,Cholera,Some travelers
cameroon,Hepatitis B,Some travelers
cameroon,Meningitis (Meningococcal disease),Some travelers
cameroon,Rabies,Some travelers
canada,Measles,All travelers
canada,Routine vaccines,All travelers
canada,Hepatitis A,Some travelers
canada,Hepatitis B,Some travelers
canada,Rabies,Some travelers
canary-islands,Measles,All travelers
canary-islands,Routine vaccines,All travelers
canary-islands,Hepatitis A,Some travelers
canary-islands,Hepatitis B,Some travelers
canary-islands,Rabies,Some travelers
cape-verde,Measles,All travelers
cape-verde,Routine vaccines,All travelers
cape-verde,Hepatitis A,Most travelers
cape-verde,Typhoid,Most travelers
cape-verde,Hepatitis B,Some travelers
cape-verde,Malaria,Some travelers
cape-verde,Rabies,Some travelers
cape-verde,Yellow Fever,Some travelers
cayman-islands,Measles,All travelers
cayman-islands,Routine vaccines,All travelers
cayman-islands,Hepatitis A,Most travelers
cayman-islands,Typhoid,Most travelers
cayman-islands,Hepatitis B,Some travelers
cayman-islands,Rabies,Some travelers
central-african-republic,Measles,All travelers
central-african-republic,Routine vaccines,All travelers
central-african-republic,Yellow Fever,All travelers
central-african-republic,Polio,All travelers
central-african-republic,Hepatitis A,Most travelers
central-african-republic,Malaria,Most travelers
central-african-republic,Typhoid,Most travelers
central-african-republic,Cholera,Some travelers
central-african-republic,Hepatitis B,Some travelers
central-african-republic,Meningitis (Meningococcal disease),Some travelers
central-african-republic,Rabies,Some travelers
chad,Measles,All travelers
chad,Routine vaccines,All travelers
chad,Polio,All travelers
chad,Hepatitis A,Most travelers
chad,Malaria,Most travelers
chad,Typhoid,Most travelers
chad,Cholera,Some travelers
chad,Hepatitis B,Some travelers
chad,Meningitis (Meningococcal disease),Some travelers
chad,Rabies,Some travelers
chad,Yellow Fever,Some travelers
chile,Measles,All travelers
chile,Routine vaccines,All travelers
chile,Hepatitis A,Most travelers
chile,Typhoid,Most travelers
chile,Hepatitis B,Some travelers
chile,Rabies,Some travelers
china,Measles,All travelers
china,Routine vaccines,All travelers
china,Hepatitis A,Most travelers
china,Typhoid,Most travelers
china,Hepatitis B,Some travelers
china,Japanese Encephalitis,Some travelers
china,Polio,Some travelers
china,Rabies,Some travelers
china,Yellow Fever,Some travelers
china,Malaria,Some travelers
christmas-island,Measles,All travelers
christmas-island,Routine vaccines,All travelers
christmas-island,Hepatitis A,Most travelers
christmas-island,Typhoid,Most travelers
christmas-island,Hepatitis B,Some travelers
christmas-island,Yellow Fever,Some travelers
cocos-islands,Measles,All travelers
cocos-islands,Routine vaccines,All travelers
cocos-islands,Hepatitis A,Most travelers
cocos-islands,Typhoid,Most travelers
cocos-islands,Hepatitis B,Some travelers
cocos-islands,Yellow Fever,Some travelers
colombia,Measles,All travelers
colombia,Routine vaccines,All travelers
colombia,Hepatitis A,Most travelers
colombia,Typhoid,Most travelers
colombia,Hepatitis B,Some travelers
colombia,Malaria,Some travelers
colombia,Rabies,Some travelers
colombia,Yellow Fever,Some travelers
comoros,Measles,All travelers
comoros,Routine vaccines,All travelers
comoros,Hepatitis A,Most travelers
comoros,Malaria,Most travelers
comoros,Typhoid,Most travelers
comoros,Hepatitis B,Some travelers
comoros,Rabies,Some travelers
congo,Measles,All travelers
congo,Routine vaccines,All travelers
congo,Yellow Fever,All travelers
congo,Hepatitis A,Most travelers
congo,Malaria,Most travelers
congo,Typhoid,Most travelers
congo,Hepatitis B,Some travelers
congo,Rabies,Some travelers
cook-islands,Measles,All travelers
cook-islands,Routine vaccines,All travelers
cook-islands,Hepatitis A,Most travelers
cook-islands,Typhoid,Most travelers
cook-islands,Hepatitis B,Some travelers
costa-rica,Measles,All travelers
costa-rica,Routine vaccines,All travelers
costa-rica,Hepatitis A,Most travelers
costa-rica,Typhoid,Most travelers
costa-rica,Malaria,Some travelers
costa-rica,Hepatitis B,Some travelers
costa-rica,Rabies,Some travelers
costa-rica,Yellow Fever,Some travelers
croatia,Measles,All travelers
croatia,Routine vaccines,All travelers
croatia,Hepatitis A,Most travelers
croatia,Rabies,Some travelers
croatia,Hepatitis B,Some travelers
cuba,Measles,All travelers
cuba,Routine vaccines,All travelers
cuba,Typhoid,Most travelers
cuba,Hepatitis A,Most travelers
cuba,Rabies,Some travelers
cuba,Hepatitis B,Some travelers
curacao,Measles,All travelers
curacao,Routine vaccines,All travelers
curacao,Hepatitis A,Most travelers
curacao,Typhoid,Most travelers
curacao,Hepatitis B,Some travelers
curacao,Rabies,Some travelers
curacao,Yellow Fever,Some travelers
cyprus,Measles,All travelers
cyprus,Routine vaccines,All travelers
cyprus,Hepatitis A,Most travelers
cyprus,Hepatitis B,Some travelers
cyprus,Rabies,Some travelers
czech-republic,Measles,All travelers
czech-republic,Routine vaccines,All travelers
czech-republic,Hepatitis A,Most travelers
czech-republic,Hepatitis B,Some travelers
czech-republic,Rabies,Some travelers
ivory-coast,Measles,All travelers
ivory-coast,Routine vaccines,All travelers
ivory-coast,Yellow Fever,All travelers
ivory-coast,Hepatitis A,Most travelers
ivory-coast,Malaria,Most travelers
ivory-coast,Typhoid,Most travelers
ivory-coast,Cholera,Some travelers
ivory-coast,Hepatitis B,Some travelers
ivory-coast,Meningitis (Meningococcal disease),Some travelers
ivory-coast,Rabies,Some travelers
democratic-republic-of-congo,Measles,All travelers
democratic-republic-of-congo,Routine vaccines,All travelers
democratic-republic-of-congo,Yellow Fever,All travelers
democratic-republic-of-congo,Polio,All travelers
democratic-republic-of-congo,Hepatitis A,Most travelers
democratic-republic-of-congo,Malaria,Most travelers
democratic-republic-of-congo,Typhoid,Most travelers
democratic-republic-of-congo,Cholera,Some travelers
democratic-republic-of-congo,Hepatitis B,Some travelers
democratic-republic-of-congo,Rabies,Some travelers
denmark,Measles,All travelers
denmark,Routine vaccines,All travelers
denmark,Hepatitis A,Some travelers
denmark,Hepatitis B,Some travelers
denmark,Rabies,Some travelers
djibouti,Measles,All travelers
djibouti,Routine vaccines,All travelers
djibouti,Hepatitis A,Most travelers
djibouti,Malaria,Most travelers
djibouti,Typhoid,Most travelers
djibouti,Hepatitis B,Some travelers
djibouti,Rabies,Some travelers
dominica,Measles,All travelers
dominica,Routine vaccines,All travelers
dominica,Hepatitis A,Most travelers
dominica,Typhoid,Most travelers
dominica,Hepatitis B,Some travelers
dominica,Rabies,Some travelers
dominica,Yellow Fever,Some travelers
dominican-republic,Measles,All travelers
dominican-republic,Routine vaccines,All travelers
dominican-republic,Hepatitis A,Most travelers
dominican-republic,Typhoid,Most travelers
dominican-republic,Cholera,Some travelers
dominican-republic,Hepatitis B,Some travelers
dominican-republic,Malaria,Some travelers
dominican-republic,Rabies,Some travelers
dominican-republic,Yellow Fever,Some travelers
united-arab-emirates,Measles,All travelers
united-arab-emirates,Routine vaccines,All travelers
united-arab-emirates,Hepatitis A,Most travelers
united-arab-emirates,Typhoid,Most travelers
united-arab-emirates,Hepatitis B,Some travelers
united-arab-emirates,Rabies,Some travelers
united-arab-emirates,Yellow Fever,Some travelers
easter-island,Measles,All travelers
easter-island,Routine vaccines,All travelers
easter-island,Hepatitis A,Most travelers
easter-island,Typhoid,Most travelers
easter-island,Hepatitis B,Some travelers
ecuador,Measles,All travelers
ecuador,Routine vaccines,All travelers
ecuador,Hepatitis A,Most travelers
ecuador,Typhoid,Most travelers
ecuador,Hepatitis B,Some travelers
ecuador,Malaria,Some travelers
ecuador,Rabies,Some travelers
ecuador,Yellow Fever,Some travelers
egypt,Measles,All travelers
egypt,Routine vaccines,All travelers
egypt,Hepatitis A,Most travelers
egypt,Typhoid,Most travelers
egypt,Hepatitis B,Some travelers
egypt,Rabies,Some travelers
egypt,Yellow Fever,Some travelers
el-salvador,Measles,All travelers
el-salvador,Routine vaccines,All travelers
el-salvador,Hepatitis A,Most travelers
el-salvador,Typhoid,Most travelers
el-salvador,Hepatitis B,Some travelers
el-salvador,Malaria,Some travelers
el-salvador,Rabies,Some travelers
el-salvador,Yellow Fever,Some travelers
united-kingdom,Measles,All travelers
united-kingdom,Routine vaccines,All travelers
united-kingdom,Hepatitis A,Some travelers
united-kingdom,Hepatitis B,Some travelers
united-kingdom,Rabies,Some travelers
equatorial-guinea,Measles,All travelers
equatorial-guinea,Routine vaccines,All travelers
equatorial-guinea,Hepatitis A,Most travelers
equatorial-guinea,Malaria,Most travelers
equatorial-guinea,Typhoid,Most travelers
equatorial-guinea,Yellow Fever,Most travelers
equatorial-guinea,Hepatitis B,Some travelers
equatorial-guinea,Rabies,Some travelers
eritrea,Measles,All travelers
eritrea,Routine vaccines,All travelers
eritrea,Hepatitis A,Most travelers
eritrea,Typhoid,Most travelers
eritrea,Hepatitis B,Some travelers
eritrea,Malaria,Some travelers
eritrea,Meningitis (Meningococcal disease),Some travelers
eritrea,Rabies,Some travelers
eritrea,Yellow Fever,Some travelers
estonia,Measles,All travelers
estonia,Routine vaccines,All travelers
estonia,Hepatitis A,Most travelers
estonia,Hepatitis B,Some travelers
estonia,Rabies,Some travelers
eswatini,Measles,All travelers
eswatini,Routine vaccines,All travelers
eswatini,Hepatitis A,Most travelers
eswatini,Typhoid,Most travelers
eswatini,Hepatitis B,Some travelers
eswatini,Malaria,Some travelers
eswatini,Rabies,Some travelers
eswatini,Yellow Fever,Some travelers
ethiopia,Measles,All travelers
ethiopia,Routine vaccines,All travelers
ethiopia,Polio,All travelers
ethiopia,Hepatitis A,Most travelers
ethiopia,Typhoid,Most travelers
ethiopia,Cholera,Some travelers
ethiopia,Hepatitis B,Some travelers
ethiopia,Malaria,Some travelers
ethiopia,Meningitis (Meningococcal disease),Some travelers
ethiopia,Rabies,Some travelers
ethiopia,Yellow Fever,Some travelers
falkland-islands,Measles,All travelers
falkland-islands,Routine vaccines,All travelers
falkland-islands,Hepatitis A,Most travelers
falkland-islands,Typhoid,Most travelers
falkland-islands,Hepatitis B,Some travelers
faroe-island,Measles,All travelers
faroe-island,Routine vaccines,All travelers
faroe-island,Hepatitis A,Some travelers
faroe-island,Hepatitis B,Some travelers
faroe-island,Rabies,Some travelers
fiji,Measles,All travelers
fiji,Routine vaccines,All travelers
fiji,Hepatitis A,Most travelers
fiji,Typhoid,Most travelers
fiji,Hepatitis B,Some travelers
fiji,Yellow Fever,Some travelers
finland,Measles,All travelers
finland,Routine vaccines,All travelers
finland,Hepatitis A,Some travelers
finland,Hepatitis B,Some travelers
finland,Rabies,Some travelers
france,Measles,All travelers
france,Routine vaccines,All travelers
france,Hepatitis A,Some travelers
france,Hepatitis B,Some travelers
france,Rabies,Some travelers
french-guiana,Measles,All travelers
french-guiana,Routine vaccines,All travelers
french-guiana,Yellow Fever,All travelers
french-guiana,Hepatitis A,Most travelers
french-guiana,Typhoid,Most travelers
french-guiana,Hepatitis B,Some travelers
french-guiana,Malaria,Some travelers
french-guiana,Rabies,Some travelers
gabon,Measles,All travelers
gabon,Routine vaccines,All travelers
gabon,Yellow Fever,All travelers
gabon,Hepatitis A,Most travelers
gabon,Malaria,Most travelers
gabon,Typhoid,Most travelers
gabon,Hepatitis B,Some travelers
gabon,Rabies,Some travelers
the-gambia,Measles,All travelers
the-gambia,Routine vaccines,All travelers
the-gambia,Hepatitis A,Most travelers
the-gambia,Malaria,Most travelers
the-gambia,Typhoid,Most travelers
the-gambia,Yellow Fever,Most travelers
the-gambia,Hepatitis B,Some travelers
the-gambia,Meningitis (Meningococcal disease),Some travelers
the-gambia,Rabies,Some travelers
georgia,Measles,All travelers
georgia,Routine vaccines,All travelers
georgia,Hepatitis A,Most travelers
georgia,Hepatitis B,Some travelers
georgia,Rabies,Some travelers
germany,Measles,All travelers
germany,Routine vaccines,All travelers
germany,Hepatitis A,Some travelers
germany,Hepatitis B,Some travelers
germany,Rabies,Some travelers
ghana,Measles,All travelers
ghana,Routine vaccines,All travelers
ghana,Polio,All travelers
ghana,Yellow Fever,All travelers
ghana,Hepatitis A,Most travelers
ghana,Malaria,Most travelers
ghana,Typhoid,Most travelers
ghana,Cholera,Some travelers
ghana,Hepatitis B,Some travelers
ghana,Meningitis (Meningococcal disease),Some travelers
ghana,Rabies,Some travelers
gibraltar,Measles,All travelers
gibraltar,Routine vaccines,All travelers
gibraltar,Hepatitis A,Some travelers
gibraltar,Hepatitis B,Some travelers
gibraltar,Rabies,Some travelers
greece,Measles,All travelers
greece,Routine vaccines,All travelers
greece,Hepatitis A,Some travelers
greece,Hepatitis B,Some travelers
greece,Rabies,Some travelers
greenland,Measles,All travelers
greenland,Routine vaccines,All travelers
greenland,Hepatitis A,Some travelers
greenland,Hepatitis B,Some travelers
greenland,Rabies,Some travelers
grenada,Measles,All travelers
grenada,Routine vaccines,All travelers
grenada,Hepatitis A,Most travelers
grenada,Typhoid,Most travelers
grenada,Hepatitis B,Some travelers
grenada,Rabies,Some travelers
grenada,Yellow Fever,Some travelers
saint-vincent-and-the-grenadines,Measles,All travelers
saint-vincent-and-the-grenadines,Routine vaccines,All travelers
saint-vincent-and-the-grenadines,Hepatitis A,Most travelers
saint-vincent-and-the-grenadines,Typhoid,Most travelers
saint-vincent-and-the-grenadines,Hepatitis B,Some travelers
saint-vincent-and-the-grenadines,Rabies,Some travelers
saint-vincent-and-the-grenadines,Yellow Fever,Some travelers
guadeloupe,Measles,All travelers
guadeloupe,Routine vaccines,All travelers
guadeloupe,Hepatitis A,Most travelers
guadeloupe,Typhoid,Most travelers
guadeloupe,Hepatitis B,Some travelers
guadeloupe,Rabies,Some travelers
guadeloupe,Yellow Fever,Some travelers
guam,Routine vaccines,All travelers
guam,Hepatitis A,Most travelers
guam,Typhoid,Most travelers
guam,Hepatitis B,Some travelers
guatemala,Measles,All travelers
guatemala,Routine vaccines,All travelers
guatemala,Hepatitis A,Most travelers
guatemala,Typhoid,Most travelers
guatemala,Hepatitis B,Some travelers
guatemala,Malaria,Some travelers
guatemala,Rabies,Some travelers
guatemala,Yellow Fever,Some travelers
guinea,Measles,All travelers
guinea,Routine vaccines,All travelers
guinea,Hepatitis A,Most travelers
guinea,Malaria,Most travelers
guinea,Typhoid,Most travelers
guinea,Yellow Fever,Most travelers
guinea,Hepatitis B,Some travelers
guinea,Meningitis (Meningococcal disease),Some travelers
guinea,Rabies,Some travelers
guinea-bissau,Measles,All travelers
guinea-bissau,Routine vaccines,All travelers
guinea-bissau,Yellow Fever,All travelers
guinea-bissau,Hepatitis A,Most travelers
guinea-bissau,Malaria,Most travelers
guinea-bissau,Typhoid,Most travelers
guinea-bissau,Hepatitis B,Some travelers
guinea-bissau,Meningitis (Meningococcal disease),Some travelers
guinea-bissau,Rabies,Some travelers
guyana,Measles,All travelers
guyana,Routine vaccines,All travelers
guyana,Hepatitis A,Most travelers
guyana,Typhoid,Most travelers
guyana,Yellow Fever,Most travelers
guyana,Hepatitis B,Some travelers
guyana,Malaria,Some travelers
guyana,Rabies,Some travelers
haiti,Measles,All travelers
haiti,Routine vaccines,All travelers
haiti,Hepatitis A,Most travelers
haiti,Malaria,Most travelers
haiti,Typhoid,Most travelers
haiti,Cholera,Some travelers
haiti,Hepatitis B,Some travelers
haiti,Rabies,Some travelers
haiti,Yellow Fever,Some travelers
italy,Measles,All travelers
italy,Routine vaccines,All travelers
italy,Hepatitis A,Some travelers
italy,Hepatitis B,Some travelers
italy,Rabies,Some travelers
honduras,Measles,All travelers
honduras,Routine vaccines,All travelers
honduras,Hepatitis A,Most travelers
honduras,Typhoid,Most travelers
honduras,Hepatitis B,Some travelers
honduras,Malaria,Some travelers
honduras,Rabies,Some travelers
honduras,Yellow Fever,Some travelers
hong-kong-sar,Measles,All travelers
hong-kong-sar,Routine vaccines,All travelers
hong-kong-sar,Hepatitis A,Most travelers
hong-kong-sar,Typhoid,Most travelers
hong-kong-sar,Hepatitis B,Some travelers
hong-kong-sar,Rabies,Some travelers
hungary,Measles,All travelers
hungary,Routine vaccines,All travelers
hungary,Hepatitis A,Most travelers
hungary,Hepatitis B,Some travelers
hungary,Rabies,Some travelers
iceland,Measles,All travelers
iceland,Routine vaccines,All travelers
iceland,Hepatitis A,Some travelers
iceland,Hepatitis B,Some travelers
iceland,Rabies,Some travelers
india,Measles,All travelers
india,Routine vaccines,All travelers
india,Hepatitis A,Most travelers
india,Typhoid,Most travelers
india,Cholera,Some travelers
india,Hepatitis B,Some travelers
india,Malaria,Some travelers
india,Japanese Encephalitis,Some travelers
india,Rabies,Some travelers
india,Yellow Fever,Some travelers
indonesia,Measles,All travelers
indonesia,Routine vaccines,All travelers
indonesia,Polio,All travelers
indonesia,Hepatitis A,Most travelers
indonesia,Typhoid,Most travelers
indonesia,Hepatitis B,Some travelers
indonesia,Japanese Encephalitis,Some travelers
indonesia,Malaria,Some travelers
indonesia,Rabies,Some travelers
indonesia,Yellow Fever,Some travelers
iran,Measles,All travelers
iran,Routine vaccines,All travelers
iran,Polio,All travelers
iran,Hepatitis A,Most travelers
iran,Typhoid,Most travelers
iran,Hepatitis B,Some travelers
iran,Malaria,Some travelers
iran,Rabies,Some travelers
iran,Yellow Fever,Some travelers
iraq,Measles,All travelers
iraq,Routine vaccines,All travelers
iraq,Hepatitis A,Most travelers
iraq,Typhoid,Most travelers
iraq,Cholera,Some travelers
iraq,Hepatitis B,Some travelers
iraq,Rabies,Some travelers
iraq,Yellow Fever,Some travelers
ireland,Measles,All travelers
ireland,Routine vaccines,All travelers
ireland,Hepatitis A,Some travelers
ireland,Hepatitis B,Some travelers
ireland,Rabies,Some travelers
israel,Measles,All travelers
israel,Routine vaccines,All travelers
israel,Hepatitis A,Most travelers
israel,Hepatitis B,Some travelers
israel,Rabies,Some travelers
israel,Typhoid,Some travelers
jamaica,Measles,All travelers
jamaica,Routine vaccines,All travelers
jamaica,Hepatitis A,Most travelers
jamaica,Typhoid,Most travelers
jamaica,Hepatitis B,Some travelers
jamaica,Rabies,Some travelers
jamaica,Yellow Fever,Some travelers
japan,Measles,All travelers
japan,Routine vaccines,All travelers
japan,Hepatitis A,Some travelers
japan,Hepatitis B,Some travelers
japan,Japanese Encephalitis,Some travelers
japan,Rabies,Some travelers
jordan,Measles,All travelers
jordan,Routine vaccines,All travelers
jordan,Hepatitis A,Most travelers
jordan,Typhoid,Most travelers
jordan,Hepatitis B,Some travelers
jordan,Rabies,Some travelers
jordan,Yellow Fever,Some travelers
kazakhstan,Measles,All travelers
kazakhstan,Routine vaccines,All travelers
kazakhstan,Hepatitis A,Most travelers
kazakhstan,Typhoid,Most travelers
kazakhstan,Hepatitis B,Some travelers
kazakhstan,Rabies,Some travelers
kazakhstan,Yellow Fever,Some travelers
kenya,Measles,All travelers
kenya,Routine vaccines,All travelers
kenya,Hepatitis A,Most travelers
kenya,Typhoid,Most travelers
kenya,Cholera,Some travelers
kenya,Hepatitis B,Some travelers
kenya,Malaria,Some travelers
kenya,Meningitis (Meningococcal disease),Some travelers
kenya,Rabies,Some travelers
kenya,Yellow Fever,Some travelers
kiribati,Measles,All travelers
kiribati,Routine vaccines,All travelers
kiribati,Hepatitis A,Most travelers
kiribati,Typhoid,Most travelers
kiribati,Hepatitis B,Some travelers
kosovo,Measles,All travelers
kosovo,Routine vaccines,All travelers
kosovo,Hepatitis A,Most travelers
kosovo,Hepatitis B,Some travelers
kosovo,Rabies,Some travelers
kuwait,Measles,All travelers
kuwait,Routine vaccines,All travelers
kuwait,Hepatitis A,Most travelers
kuwait,Typhoid,Most travelers
kuwait,Hepatitis B,Some travelers
kuwait,Rabies,Some travelers
kyrgyzstan,Measles,All travelers
kyrgyzstan,Routine vaccines,All travelers
kyrgyzstan,Hepatitis A,Most travelers
kyrgyzstan,Typhoid,Most travelers
kyrgyzstan,Hepatitis B,Some travelers
kyrgyzstan,Rabies,Some travelers
kyrgyzstan,Yellow Fever,Some travelers
laos,Measles,All travelers
laos,Routine vaccines,All travelers
laos,Hepatitis A,Most travelers
laos,Typhoid,Most travelers
laos,Hepatitis B,Some travelers
laos,Japanese Encephalitis,Some travelers
laos,Malaria,Some travelers
laos,Rabies,Some travelers
laos,Yellow Fever,Some travelers
latvia,Measles,All travelers
latvia,Routine vaccines,All travelers
latvia,Hepatitis A,Most travelers
latvia,Hepatitis B,Some travelers
latvia,Rabies,Some travelers
lebanon,Measles,All travelers
lebanon,Routine vaccines,All travelers
lebanon,Hepatitis A,Most travelers
lebanon,Typhoid,Most travelers
lebanon,Hepatitis B,Some travelers
lebanon,Rabies,Some travelers
lesotho,Measles,All travelers
lesotho,Routine vaccines,All travelers
lesotho,Hepatitis A,Most travelers
lesotho,Typhoid,Most travelers
lesotho,Hepatitis B,Some travelers
lesotho,Rabies,Some travelers
lesotho,Yellow Fever,Some travelers
liberia,Measles,All travelers
liberia,Routine vaccines,All travelers
liberia,Yellow Fever,All travelers
liberia,Hepatitis A,Most travelers
liberia,Malaria,Most travelers
liberia,Typhoid,Most travelers
liberia,Hepatitis B,Some travelers
liberia,Rabies,Some travelers
libya,Measles,All travelers
libya,Routine vaccines,All travelers
libya,Hepatitis A,Most travelers
libya,Typhoid,Most travelers
libya,Hepatitis B,Some travelers
libya,Rabies,Some travelers
libya,Yellow Fever,Some travelers
liechtenstein,Measles,All travelers
liechtenstein,Routine vaccines,All travelers
liechtenstein,Hepatitis A,Some travelers
liechtenstein,Hepatitis B,Some travelers
liechtenstein,Rabies,Some travelers
lithuania,Measles,All travelers
lithuania,Routine vaccines,All travelers
lithuania,Hepatitis A,Most travelers
lithuania,Hepatitis B,Some travelers
lithuania,Rabies,Some travelers
luxembourg,Measles,All travelers
luxembourg,Routine vaccines,All travelers
luxembourg,Hepatitis A,Some travelers
luxembourg,Hepatitis B,Some travelers
luxembourg,Rabies,Some travelers
macau-sar,Measles,All travelers
macau-sar,Routine vaccines,All travelers
macau-sar,Hepatitis A,Most travelers
macau-sar,Typhoid,Most travelers
macau-sar,Hepatitis B,Some travelers
macau-sar,Rabies,Some travelers
madagascar,Measles,All travelers
madagascar,Routine vaccines,All travelers
madagascar,Hepatitis A,Most travelers
madagascar,Typhoid,Most travelers
madagascar,Malaria,Some travelers
madagascar,Hepatitis B,Some travelers
madagascar,Rabies,Some travelers
madagascar,Yellow Fever,Some travelers
maderia-islands,Measles,All travelers
maderia-islands,Routine vaccines,All travelers
maderia-islands,Hepatitis A,Some travelers
maderia-islands,Hepatitis B,Some travelers
maderia-islands,Rabies,Some travelers
malawi,Measles,All travelers
malawi,Routine vaccines,All travelers
malawi,Hepatitis A,Most travelers
malawi,Malaria,Most travelers
malawi,Typhoid,Most travelers
malawi,Cholera,Some travelers
malawi,Hepatitis B,Some travelers
malawi,Rabies,Some travelers
malawi,Yellow Fever,Some travelers
malaysia,Measles,All travelers
malaysia,Routine vaccines,All travelers
malaysia,Hepatitis A,Most travelers
malaysia,Typhoid,Most travelers
malaysia,Cholera,Some travelers
malaysia,Hepatitis B,Some travelers
malaysia,Japanese Encephalitis,Some travelers
malaysia,Malaria,Some travelers
malaysia,Rabies,Some travelers
malaysia,Yellow Fever,Some travelers
maldives,Measles,All travelers
maldives,Routine vaccines,All travelers
maldives,Hepatitis A,Most travelers
maldives,Typhoid,Most travelers
maldives,Hepatitis B,Some travelers
maldives,Yellow Fever,Some travelers
mali,Measles,All travelers
mali,Routine vaccines,All travelers
mali,Yellow Fever,All travelers
mali,Hepatitis A,Most travelers
mali,Malaria,Most travelers
mali,Typhoid,Most travelers
mali,Hepatitis B,Some travelers
mali,Meningitis (Meningococcal disease),Some travelers
mali,Rabies,Some travelers
malta,Measles,All travelers
malta,Routine vaccines,All travelers
malta,Hepatitis A,Some travelers
malta,Hepatitis B,Some travelers
malta,Rabies,Some travelers
malta,Yellow Fever,Some travelers
marshall-islands,Measles,All travelers
marshall-islands,Routine vaccines,All travelers
marshall-islands,Hepatitis A,Most travelers
marshall-islands,Typhoid,Most travelers
marshall-islands,Hepatitis B,Some travelers
martinique,Measles,All travelers
martinique,Routine vaccines,All travelers
martinique,Hepatitis A,Most travelers
martinique,Typhoid,Most travelers
martinique,Hepatitis B,Some travelers
martinique,Rabies,Some travelers
martinique,Yellow Fever,Some travelers
mauritania,Measles,All travelers
mauritania,Routine vaccines,All travelers
mauritania,Malaria,Most travelers
mauritania,Hepatitis A,Most travelers
mauritania,Typhoid,Most travelers
mauritania,Hepatitis B,Some travelers
mauritania,Rabies,Some travelers
mauritania,Yellow Fever,Some travelers
mauritius,Measles,All travelers
mauritius,Routine vaccines,All travelers
mauritius,Hepatitis A,Most travelers
mauritius,Typhoid,Most travelers
mauritius,Hepatitis B,Some travelers
mauritius,Rabies,Some travelers
mayotte,Measles,All travelers
mayotte,Routine vaccines,All travelers
mayotte,Hepatitis A,Most travelers
mayotte,Typhoid,Most travelers
mayotte,Malaria,Some travelers
mayotte,Hepatitis B,Some travelers
mayotte,Rabies,Some travelers
mayotte,Yellow Fever,Some travelers
mexico,Measles,All travelers
mexico,Routine vaccines,All travelers
mexico,Hepatitis A,Most travelers
mexico,Typhoid,Most travelers
mexico,Hepatitis B,Some travelers
mexico,Malaria,Some travelers
mexico,Rabies,Some travelers
micronesia,Measles,All travelers
micronesia,Routine vaccines,All travelers
micronesia,Hepatitis A,Most travelers
micronesia,Typhoid,Most travelers
micronesia,Hepatitis B,Some travelers
moldova,Measles,All travelers
moldova,Routine vaccines,All travelers
moldova,Hepatitis A,Most travelers
moldova,Hepatitis B,Some travelers
moldova,Rabies,Some travelers
monaco,Measles,All travelers
monaco,Routine vaccines,All travelers
monaco,Hepatitis A,Some travelers
monaco,Hepatitis B,Some travelers
monaco,Rabies,Some travelers
mongolia,Measles,All travelers
mongolia,Routine vaccines,All travelers
mongolia,Hepatitis A,Most travelers
mongolia,Typhoid,Most travelers
mongolia,Hepatitis B,Some travelers
mongolia,Rabies,Some travelers
montenegro,Measles,All travelers
montenegro,Routine vaccines,All travelers
montenegro,Hepatitis A,Most travelers
montenegro,Hepatitis B,Some travelers
montenegro,Rabies,Some travelers
montserrat,Measles,All travelers
montserrat,Routine vaccines,All travelers
montserrat,Hepatitis A,Most travelers
montserrat,Typhoid,Most travelers
montserrat,Hepatitis B,Some travelers
montserrat,Rabies,Some travelers
montserrat,Yellow Fever,Some travelers
morocco,Measles,All travelers
morocco,Routine vaccines,All travelers
morocco,Hepatitis A,Most travelers
morocco,Typhoid,Most travelers
morocco,Hepatitis B,Some travelers
morocco,Rabies,Some travelers
mozambique,Measles,All travelers
mozambique,Routine vaccines,All travelers
mozambique,Hepatitis A,Most travelers
mozambique,Malaria,Most travelers
mozambique,Typhoid,Most travelers
mozambique,Cholera,Some travelers
mozambique,Hepatitis B,Some travelers
mozambique,Rabies,Some travelers
mozambique,Yellow Fever,Some travelers
namibia,Measles,All travelers
namibia,Routine vaccines,All travelers
namibia,Hepatitis A,Most travelers
namibia,Typhoid,Most travelers
namibia,Hepatitis B,Some travelers
namibia,Malaria,Some travelers
namibia,Rabies,Some travelers
namibia,Yellow Fever,Some travelers
nauru,Measles,All travelers
nauru,Routine vaccines,All travelers
nauru,Hepatitis A,Most travelers
nauru,Typhoid,Most travelers
nauru,Hepatitis B,Some travelers
nepal,Measles,All travelers
nepal,Routine vaccines,All travelers
nepal,Hepatitis A,Most travelers
nepal,Typhoid,Most travelers
nepal,Hepatitis B,Some travelers
nepal,Japanese Encephalitis,Some travelers
nepal,Malaria,Some travelers
nepal,Rabies,Some travelers
nepal,Yellow Fever,Some travelers
netherlands,Measles,All travelers
netherlands,Routine vaccines,All travelers
netherlands,Hepatitis A,Some travelers
netherlands,Hepatitis B,Some travelers
netherlands,Rabies,Some travelers
new-caledonia,Measles,All travelers
new-caledonia,Routine vaccines,All travelers
new-caledonia,Hepatitis A,Most travelers
new-caledonia,Typhoid,Most travelers
new-caledonia,Hepatitis B,Some travelers
new-caledonia,Yellow Fever,Some travelers
new-zealand,Measles,All travelers
new-zealand,Routine vaccines,All travelers
new-zealand,Hepatitis A,Some travelers
new-zealand,Hepatitis B,Some travelers
nicaragua,Measles,All travelers
nicaragua,Routine vaccines,All travelers
nicaragua,Hepatitis A,Most travelers
nicaragua,Typhoid,Most travelers
nicaragua,Hepatitis B,Some travelers
nicaragua,Malaria,Some travelers
nicaragua,Rabies,Some travelers
nicaragua,Yellow Fever,Some travelers
niger,Measles,All travelers
niger,Routine vaccines,All travelers
niger,Yellow Fever,All travelers
niger,Hepatitis A,Most travelers
niger,Malaria,Most travelers
niger,Typhoid,Most travelers
niger,Cholera,Some travelers
niger,Hepatitis B,Some travelers
niger,Meningitis (Meningococcal disease),Some travelers
niger,Rabies,Some travelers
nigeria,Measles,All travelers
nigeria,Yellow Fever,All travelers
nigeria,Routine vaccines,All travelers
nigeria,Polio,All travelers
nigeria,Hepatitis A,Most travelers
nigeria,Malaria,Most travelers
nigeria,Typhoid,Most travelers
nigeria,Cholera,Some travelers
nigeria,Hepatitis B,Some travelers
nigeria,Rabies,Some travelers
nigeria,Meningitis (Meningococcal disease),Some travelers
niue,Routine vaccines,All travelers
niue,Hepatitis A,Most travelers
niue,Typhoid,Most travelers
niue,Hepatitis B,Some travelers
niue,Yellow Fever,Some travelers
norfolk-island,Measles,All travelers
norfolk-island,Routine vaccines,All travelers
norfolk-island,Hepatitis A,Most travelers
norfolk-island,Typhoid,Most travelers
norfolk-island,Hepatitis B,Some travelers
norfolk-island,Yellow Fever,Some travelers
north-korea,Measles,All travelers
north-korea,Routine vaccines,All travelers
north-korea,Hepatitis A,Most travelers
north-korea,Typhoid,Most travelers
north-korea,Hepatitis B,Some travelers
north-korea,Japanese Encephalitis,Some travelers
north-korea,Malaria,Some travelers
north-korea,Rabies,Some travelers
north-korea,Yellow Fever,Some travelers
north-macedonia,Measles,All travelers
north-macedonia,Routine vaccines,All travelers
north-macedonia,Hepatitis A,Most travelers
north-macedonia,Hepatitis B,Some travelers
north-macedonia,Rabies,Some travelers
northern-mariana-islands,Routine vaccines,All travelers
northern-mariana-islands,Hepatitis A,Most travelers
northern-mariana-islands,Typhoid,Most travelers
northern-mariana-islands,Hepatitis B,Some travelers
norway,Measles,All travelers
norway,Routine vaccines,All travelers
norway,Hepatitis A,Some travelers
norway,Hepatitis B,Some travelers
norway,Rabies,Some travelers
oman,Measles,All travelers
oman,Routine vaccines,All travelers
oman,Hepatitis A,Most travelers
oman,Typhoid,Most travelers
oman,Malaria,Some travelers
oman,Hepatitis B,Some travelers
oman,Rabies,Some travelers
oman,Yellow Fever,Some travelers
pakistan,Measles,All travelers
pakistan,Routine vaccines,All travelers
pakistan,Polio,All travelers
pakistan,Hepatitis A,Most travelers
pakistan,Typhoid,Most travelers
pakistan,Hepatitis B,Some travelers
pakistan,Japanese Encephalitis,Some travelers
pakistan,Malaria,Some travelers
pakistan,Rabies,Some travelers
pakistan,Yellow Fever,Some travelers
palau,Measles,All travelers
palau,Routine vaccines,All travelers
palau,Hepatitis A,Most travelers
palau,Typhoid,Most travelers
palau,Hepatitis B,Some travelers
panama,Measles,All travelers
panama,Routine vaccines,All travelers
panama,Hepatitis A,Most travelers
panama,Typhoid,Most travelers
panama,Hepatitis B,Some travelers
panama,Rabies,Some travelers
panama,Yellow Fever,Some travelers
panama,Malaria,Some travelers
papua-new-guinea,Measles,All travelers
papua-new-guinea,Routine vaccines,All travelers
papua-new-guinea,Polio,All travelers
papua-new-guinea,Hepatitis A,Most travelers
papua-new-guinea,Typhoid,Most travelers
papua-new-guinea,Hepatitis B,Some travelers
papua-new-guinea,Japanese Encephalitis,Some travelers
papua-new-guinea,Malaria,Some travelers
papua-new-guinea,Rabies,Some travelers
papua-new-guinea,Yellow Fever,Some travelers
paraguay,Measles,All travelers
paraguay,Routine vaccines,All travelers
paraguay,Hepatitis A,Most travelers
paraguay,Typhoid,Most travelers
paraguay,Hepatitis B,Some travelers
paraguay,Rabies,Some travelers
paraguay,Yellow Fever,Some travelers
paraguay,Malaria,Some travelers
peru,Measles,All travelers
peru,Routine vaccines,All travelers
peru,Hepatitis A,Most travelers
peru,Typhoid,Most travelers
peru,Hepatitis B,Some travelers
peru,Malaria,Some travelers
peru,Rabies,Some travelers
peru,Yellow Fever,Some travelers
philippines,Measles,All travelers
philippines,Polio,All travelers
philippines,Routine vaccines,All travelers
philippines,Hepatitis A,Most travelers
philippines,Typhoid,Most travelers
philippines,Cholera,Some travelers
philippines,Hepatitis B,Some travelers
philippines,Japanese Encephalitis,Some travelers
philippines,Malaria,Some travelers
philippines,Rabies,Some travelers
philippines,Yellow Fever,Some travelers
pitcairn-islands,Measles,All travelers
pitcairn-islands,Routine vaccines,All travelers
pitcairn-islands,Hepatitis A,Most travelers
pitcairn-islands,Typhoid,Most travelers
pitcairn-islands,Hepatitis B,Some travelers
pitcairn-islands,Yellow Fever,Some travelers
poland,Measles,All travelers
poland,Routine vaccines,All travelers
poland,Hepatitis A,Most travelers
poland,Hepatitis B,Some travelers
poland,Rabies,Some travelers
portugal,Measles,All travelers
portugal,Routine vaccines,All travelers
portugal,Hepatitis A,Some travelers
portugal,Hepatitis B,Some travelers
portugal,Rabies,Some travelers
puerto-rico,Routine vaccines,All travelers
puerto-rico,Hepatitis A,Most travelers
puerto-rico,Typhoid,Most travelers
puerto-rico,Hepatitis B,Some travelers
puerto-rico,Rabies,Some travelers
qatar,Measles,All travelers
qatar,Routine vaccines,All travelers
qatar,Hepatitis A,Most travelers
qatar,Typhoid,Most travelers
qatar,Hepatitis B,Some travelers
qatar,Rabies,Some travelers
romania,Measles,All travelers
romania,Routine vaccines,All travelers
romania,Hepatitis A,Most travelers
romania,Hepatitis B,Some travelers
romania,Rabies,Some travelers
russia,Measles,All travelers
russia,Routine vaccines,All travelers
russia,Hepatitis A,Most travelers
russia,Hepatitis B,Some travelers
russia,Japanese Encephalitis,Some travelers
russia,Rabies,Some travelers
rwanda,Measles,All travelers
rwanda,Routine vaccines,All travelers
rwanda,Hepatitis A,Most travelers
rwanda,Malaria,Most travelers
rwanda,Typhoid,Most travelers
rwanda,Hepatitis B,Some travelers
rwanda,Rabies,Some travelers
rwanda,Yellow Fever,Some travelers
reunion,Measles,All travelers
reunion,Routine vaccines,All travelers
reunion,Hepatitis A,Most travelers
reunion,Typhoid,Most travelers
reunion,Hepatitis B,Some travelers
reunion,Rabies,Some travelers
saba,Measles,All travelers
saba,Routine vaccines,All travelers
saba,Hepatitis A,Most travelers
saba,Typhoid,Most travelers
saba,Hepatitis B,Some travelers
saba,Rabies,Some travelers
saba,Yellow Fever,Some travelers
saint-barthelemy,Measles,All travelers
saint-barthelemy,Routine vaccines,All travelers
saint-barthelemy,Hepatitis A,Most travelers
saint-barthelemy,Typhoid,Most travelers
saint-barthelemy,Hepatitis B,Some travelers
saint-barthelemy,Rabies,Some travelers
saint-barthelemy,Yellow Fever,Some travelers
usvirgin-islands,Routine vaccines,All travelers
usvirgin-islands,Hepatitis A,Most travelers
usvirgin-islands,Typhoid,Most travelers
usvirgin-islands,Hepatitis B,Some travelers
usvirgin-islands,Rabies,Some travelers
saint-helena,Measles,All travelers
saint-helena,Routine vaccines,All travelers
saint-helena,Hepatitis A,Most travelers
saint-helena,Typhoid,Most travelers
saint-helena,Hepatitis B,Some travelers
saint-helena,Rabies,Some travelers
st-kitts-and-nevis,Measles,All travelers
st-kitts-and-nevis,Routine vaccines,All travelers
st-kitts-and-nevis,Hepatitis A,Most travelers
st-kitts-and-nevis,Typhoid,Most travelers
st-kitts-and-nevis,Hepatitis B,Some travelers
st-kitts-and-nevis,Rabies,Some travelers
st-kitts-and-nevis,Yellow Fever,Some travelers
saint-lucia,Measles,All travelers
saint-lucia,Routine vaccines,All travelers
saint-lucia,Hepatitis A,Most travelers
saint-lucia,Typhoid,Most travelers
saint-lucia,Hepatitis B,Some travelers
saint-lucia,Rabies,Some travelers
saint-lucia,Yellow Fever,Some travelers
saint-martin,Measles,All travelers
saint-martin,Routine vaccines,All travelers
saint-martin,Hepatitis A,Most travelers
saint-martin,Typhoid,Most travelers
saint-martin,Hepatitis B,Some travelers
saint-martin,Rabies,Some travelers
saint-martin,Yellow Fever,Some travelers
saint-pierre-and-miquelon,Measles,All travelers
saint-pierre-and-miquelon,Routine vaccines,All travelers
saint-pierre-and-miquelon,Rabies,Some travelers
saint-pierre-and-miquelon,Hepatitis A,Some travelers
saint-pierre-and-miquelon,Hepatitis B,Some travelers
samoa,Measles,All travelers
samoa,Routine vaccines,All travelers
samoa,Hepatitis A,Most travelers
samoa,Typhoid,Most travelers
samoa,Hepatitis B,Some travelers
samoa,Yellow Fever,Some travelers
san-marino,Measles,All travelers
san-marino,Routine vaccines,All travelers
san-marino,Hepatitis A,Some travelers
san-marino,Hepatitis B,Some travelers
san-marino,Rabies,Some travelers
saudi-arabia,Measles,All travelers
saudi-arabia,Routine vaccines,All travelers
saudi-arabia,Hepatitis A,Most travelers
saudi-arabia,Typhoid,Most travelers
saudi-arabia,Hepatitis B,Some travelers
saudi-arabia,Malaria,Some travelers
saudi-arabia,Meningitis (Meningococcal disease),Some travelers
saudi-arabia,Rabies,Some travelers
saudi-arabia,Yellow Fever,Some travelers
senegal,Measles,All travelers
senegal,Routine vaccines,All travelers
senegal,Hepatitis A,Most travelers
senegal,Malaria,Most travelers
senegal,Typhoid,Most travelers
senegal,Yellow Fever,Most travelers
senegal,Hepatitis B,Some travelers
senegal,Meningitis (Meningococcal disease),Some travelers
senegal,Rabies,Some travelers
serbia,Measles,All travelers
serbia,Routine vaccines,All travelers
serbia,Hepatitis A,Most travelers
serbia,Hepatitis B,Some travelers
serbia,Rabies,Some travelers
seychelles,Measles,All travelers
seychelles,Routine vaccines,All travelers
seychelles,Hepatitis A,Most travelers
seychelles,Typhoid,Most travelers
seychelles,Hepatitis B,Some travelers
seychelles,Rabies,Some travelers
seychelles,Yellow Fever,Some travelers
sierra-leone,Measles,All travelers
sierra-leone,Routine vaccines,All travelers
sierra-leone,Yellow Fever,All travelers
sierra-leone,Hepatitis A,Most travelers
sierra-leone,Malaria,Most travelers
sierra-leone,Typhoid,Most travelers
sierra-leone,Hepatitis B,Some travelers
sierra-leone,Rabies,Some travelers
singapore,Measles,All travelers
singapore,Routine vaccines,All travelers
singapore,Hepatitis A,Most travelers
singapore,Typhoid,Most travelers
singapore,Hepatitis B,Some travelers
singapore,Rabies,Some travelers
singapore,Yellow Fever,Some travelers
sint-eustatius,Measles,All travelers
sint-eustatius,Routine vaccines,All travelers
sint-eustatius,Hepatitis A,Most travelers
sint-eustatius,Typhoid,Most travelers
sint-eustatius,Hepatitis B,Some travelers
sint-eustatius,Rabies,Some travelers
sint-eustatius,Yellow Fever,Some travelers
sint-maarten,Measles,All travelers
sint-maarten,Routine vaccines,All travelers
sint-maarten,Hepatitis A,Most travelers
sint-maarten,Typhoid,Most travelers
sint-maarten,Hepatitis B,Some travelers
sint-maarten,Rabies,Some travelers
sint-maarten,Yellow Fever,Some travelers
slovakia,Measles,All travelers
slovakia,Routine vaccines,All travelers
slovakia,Hepatitis A,Most travelers
slovakia,Hepatitis B,Some travelers
slovakia,Rabies,Some travelers
slovenia,Measles,All travelers
slovenia,Routine vaccines,All travelers
slovenia,Hepatitis A,Most travelers
slovenia,Hepatitis B,Some travelers
slovenia,Rabies,Some travelers
solomon-islands,Measles,All travelers
solomon-islands,Routine vaccines,All travelers
solomon-islands,Hepatitis A,Most travelers
solomon-islands,Malaria,Most travelers
solomon-islands,Typhoid,Most travelers
solomon-islands,Hepatitis B,Some travelers
solomon-islands,Yellow Fever,Some travelers
somalia,Measles,All travelers
somalia,Routine vaccines,All travelers
somalia,Polio,All travelers
somalia,Hepatitis A,Most travelers
somalia,Malaria,Most travelers
somalia,Typhoid,Most travelers
somalia,Cholera,Some travelers
somalia,Hepatitis B,Some travelers
somalia,Rabies,Some travelers
somalia,Yellow Fever,Some travelers
south-africa,Measles,All travelers
south-africa,Routine vaccines,All travelers
south-africa,Hepatitis A,Most travelers
south-africa,Typhoid,Most travelers
south-africa,Hepatitis B,Some travelers
south-africa,Malaria,Some travelers
south-africa,Rabies,Some travelers
south-africa,Yellow Fever,Some travelers
south-georgia-south-sandwich-islands,Measles,All travelers
south-georgia-south-sandwich-islands,Routine vaccines,All travelers
south-georgia-south-sandwich-islands,Hepatitis A,Most travelers
south-georgia-south-sandwich-islands,Typhoid,Most travelers
south-georgia-south-sandwich-islands,Hepatitis B,Some travelers
south-korea,Measles,All travelers
south-korea,Routine vaccines,All travelers
south-korea,Hepatitis A,Most travelers
south-korea,Typhoid,Most travelers
south-korea,Hepatitis B,Some travelers
south-korea,Japanese Encephalitis,Some travelers
south-korea,Malaria,Some travelers
south-korea,Rabies,Some travelers
south-sudan,Measles,All travelers
south-sudan,Routine vaccines,All travelers
south-sudan,Hepatitis A,Most travelers
south-sudan,Malaria,Most travelers
south-sudan,Typhoid,Most travelers
south-sudan,Yellow Fever,Most travelers
south-sudan,Cholera,Some travelers
south-sudan,Hepatitis B,Some travelers
south-sudan,Meningitis (Meningococcal disease),Some travelers
south-sudan,Rabies,Some travelers
spain,Measles,All travelers
spain,Routine vaccines,All travelers
spain,Hepatitis A,Some travelers
spain,Hepatitis B,Some travelers
spain,Rabies,Some travelers
sri-lanka,Measles,All travelers
sri-lanka,Routine vaccines,All travelers
sri-lanka,Hepatitis A,Most travelers
sri-lanka,Typhoid,Most travelers
sri-lanka,Hepatitis B,Some travelers
sri-lanka,Japanese Encephalitis,Some travelers
sri-lanka,Rabies,Some travelers
sri-lanka,Yellow Fever,Some travelers
sudan,Measles,All travelers
sudan,Routine vaccines,All travelers
sudan,Hepatitis A,Most travelers
sudan,Malaria,Most travelers
sudan,Typhoid,Most travelers
sudan,Cholera,Some travelers
sudan,Hepatitis B,Some travelers
sudan,Meningitis (Meningococcal disease),Some travelers
sudan,Rabies,Some travelers
sudan,Yellow Fever,Some travelers
suriname,Measles,All travelers
suriname,Routine vaccines,All travelers
suriname,Hepatitis A,Most travelers
suriname,Typhoid,Most travelers
suriname,Yellow Fever,Most travelers
suriname,Hepatitis B,Some travelers
suriname,Malaria,Some travelers
suriname,Rabies,Some travelers
sweden,Measles,All travelers
sweden,Routine vaccines,All travelers
sweden,Hepatitis A,Some travelers
sweden,Hepatitis B,Some travelers
sweden,Rabies,Some travelers
switzerland,Measles,All travelers
switzerland,Routine vaccines,All travelers
switzerland,Hepatitis A,Some travelers
switzerland,Hepatitis B,Some travelers
switzerland,Rabies,Some travelers
syria,Measles,All travelers
syria,Routine vaccines,All travelers
syria,Hepatitis A,Most travelers
syria,Typhoid,Most travelers
syria,Hepatitis B,Some travelers
syria,Rabies,Some travelers
sao-tome-and-principe,Measles,All travelers
sao-tome-and-principe,Routine vaccines,All travelers
sao-tome-and-principe,Hepatitis A,Most travelers
sao-tome-and-principe,Malaria,Most travelers
sao-tome-and-principe,Typhoid,Most travelers
sao-tome-and-principe,Yellow Fever,Some travelers
sao-tome-and-principe,Hepatitis B,Some travelers
sao-tome-and-principe,Rabies,Some travelers
taiwan,Measles,All travelers
taiwan,Routine vaccines,All travelers
taiwan,Hepatitis A,Most travelers
taiwan,Hepatitis B,Some travelers
taiwan,Japanese Encephalitis,Some travelers
taiwan,Rabies,Some travelers
tajikistan,Measles,All travelers
tajikistan,Routine vaccines,All travelers
tajikistan,Hepatitis A,Most travelers
tajikistan,Typhoid,Most travelers
tajikistan,Hepatitis B,Some travelers
tajikistan,Rabies,Some travelers
tajikistan,Malaria,Some travelers
tanzania,Measles,All travelers
tanzania,Routine vaccines,All travelers
tanzania,Hepatitis A,Most travelers
tanzania,Typhoid,Most travelers
tanzania,Cholera,Some travelers
tanzania,Hepatitis B,Some travelers
tanzania,Malaria,Some travelers
tanzania,Rabies,Some travelers
tanzania,Yellow Fever,Some travelers
thailand,Measles,All travelers
thailand,Routine vaccines,All travelers
thailand,Hepatitis A,Most travelers
thailand,Typhoid,Most travelers
thailand,Cholera,Some travelers
thailand,Hepatitis B,Some travelers
thailand,Japanese Encephalitis,Some travelers
thailand,Malaria,Some travelers
thailand,Rabies,Some travelers
thailand,Yellow Fever,Some travelers
east-timor,Measles,All travelers
east-timor,Routine vaccines,All travelers
east-timor,Hepatitis A,Most travelers
east-timor,Malaria,Most travelers
east-timor,Typhoid,Most travelers
east-timor,Hepatitis B,Some travelers
east-timor,Japanese Encephalitis,Some travelers
east-timor,Rabies,Some travelers
trinidad-and-tobago,Measles,All travelers
trinidad-and-tobago,Routine vaccines,All travelers
trinidad-and-tobago,Hepatitis A,Most travelers
trinidad-and-tobago,Typhoid,Most travelers
trinidad-and-tobago,Hepatitis B,Some travelers
trinidad-and-tobago,Rabies,Some travelers
trinidad-and-tobago,Yellow Fever,Some travelers
togo,Measles,All travelers
togo,Routine vaccines,All travelers
togo,Yellow Fever,All travelers
togo,Hepatitis A,Most travelers
togo,Malaria,Most travelers
togo,Typhoid,Most travelers
togo,Hepatitis B,Some travelers
togo,Meningitis (Meningococcal disease),Some travelers
togo,Rabies,Some travelers
tokelau,Measles,All travelers
tokelau,Routine vaccines,All travelers
tokelau,Hepatitis A,Most travelers
tokelau,Typhoid,Most travelers
tokelau,Hepatitis B,Some travelers
tonga,Measles,All travelers
tonga,Routine vaccines,All travelers
tonga,Hepatitis A,Most travelers
tonga,Typhoid,Most travelers
tonga,Hepatitis B,Some travelers
tunisia,Measles,All travelers
tunisia,Routine vaccines,All travelers
tunisia,Hepatitis A,Most travelers
tunisia,Typhoid,Most travelers
tunisia,Hepatitis B,Some travelers
tunisia,Rabies,Some travelers
turkey,Measles,All travelers
turkey,Routine vaccines,All travelers
turkey,Hepatitis A,Most travelers
turkey,Typhoid,Most travelers
turkey,Hepatitis B,Some travelers
turkey,Rabies,Some travelers
turkmenistan,Measles,All travelers
turkmenistan,Routine vaccines,All travelers
turkmenistan,Hepatitis A,Most travelers
turkmenistan,Typhoid,Most travelers
turkmenistan,Hepatitis B,Some travelers
turkmenistan,Rabies,Some travelers
tuvalu,Measles,All travelers
tuvalu,Routine vaccines,All travelers
tuvalu,Hepatitis A,Most travelers
tuvalu,Typhoid,Most travelers
tuvalu,Hepatitis B,Some travelers
uganda,Measles,All travelers
uganda,Yellow Fever,All travelers
uganda,Routine vaccines,All travelers
uganda,Hepatitis A,Most travelers
uganda,Malaria,Most travelers
uganda,Typhoid,Most travelers
uganda,Cholera,Some travelers
uganda,Hepatitis B,Some travelers
uganda,Meningitis (Meningococcal disease),Some travelers
uganda,Rabies,Some travelers
ukraine,Measles,All travelers
ukraine,Routine vaccines,All travelers
ukraine,Hepatitis A,Most travelers
ukraine,Hepatitis B,Some travelers
ukraine,Rabies,Some travelers
united-states,NA,None
uruguay,Measles,All travelers
uruguay,Routine vaccines,All travelers
uruguay,Hepatitis A,Most travelers
uruguay,Typhoid,Most travelers
uruguay,Hepatitis B,Some travelers
uruguay,Rabies,Some travelers
uzbekistan,Measles,All travelers
uzbekistan,Routine vaccines,All travelers
uzbekistan,Hepatitis A,Most travelers
uzbekistan,Typhoid,Most travelers
uzbekistan,Hepatitis B,Some travelers
uzbekistan,Rabies,Some travelers
vanuatu,Measles,All travelers
vanuatu,Routine vaccines,All travelers
vanuatu,Hepatitis A,Most travelers
vanuatu,Malaria,Most travelers
vanuatu,Typhoid,Most travelers
vanuatu,Hepatitis B,Some travelers
venezuela,Measles,All travelers
venezuela,Routine vaccines,All travelers
venezuela,Hepatitis A,Most travelers
venezuela,Typhoid,Most travelers
venezuela,Hepatitis B,Some travelers
venezuela,Malaria,Some travelers
venezuela,Rabies,Some travelers
venezuela,Yellow Fever,Some travelers
vietnam,Measles,All travelers
vietnam,Routine vaccines,All travelers
vietnam,Hepatitis A,Most travelers
vietnam,Typhoid,Most travelers
vietnam,Japanese Encephalitis,Some travelers
vietnam,Hepatitis B,Some travelers
vietnam,Malaria,Some travelers
vietnam,Rabies,Some travelers
wake-island,Measles,All travelers
wake-island,Routine vaccines,All travelers
wake-island,Hepatitis A,Most travelers
wake-island,Typhoid,Most travelers
wake-island,Hepatitis B,Some travelers
western-sahara,Measles,All travelers
western-sahara,Routine vaccines,All travelers
western-sahara,Hepatitis A,Most travelers
western-sahara,Typhoid,Most travelers
western-sahara,Hepatitis B,Some travelers
western-sahara,Malaria,Some travelers
western-sahara,Rabies,Some travelers
yemen,Measles,All travelers
yemen,Routine vaccines,All travelers
yemen,Hepatitis A,Most travelers
yemen,Typhoid,Most travelers
yemen,Cholera,Some travelers
yemen,Hepatitis B,Some travelers
yemen,Malaria,Some travelers
yemen,Rabies,Some travelers
zambia,Measles,All travelers
zambia,Routine vaccines,All travelers
zambia,Polio,All travelers
zambia,Hepatitis A,Most travelers
zambia,Malaria,Most travelers
zambia,Typhoid,Most travelers
zambia,Cholera,Some travelers
zambia,Hepatitis B,Some travelers
zambia,Rabies,Some travelers
zambia,Yellow Fever,Some travelers
zimbabwe,Measles,All travelers
zimbabwe,Routine vaccines,All travelers
zimbabwe,Hepatitis A,Most travelers
zimbabwe,Malaria,Most travelers
zimbabwe,Typhoid,Most travelers
zimbabwe,Cholera,Some travelers
zimbabwe,Hepatitis B,Some travelers
zimbabwe,Rabies,Some travelers
zimbabwe,Yellow Fever,Some travelers
